ID,Name,Email,Age,JobTitle,Company,Phone,ImageURL,Bio
1,"Candace Bosco","Dayne_Murazik@yahoo.com",24,"Corporate Intranet Consultant","Kuvalis LLC","(210) 844-2052 x2579","https://cdn.jsdelivr.net/gh/faker-js/assets-person-portrait/female/256/2.jpg","thigh fan"
2,"Miss Tonya Kub","Rico_Bauch20@yahoo.com",65,"Customer Response Producer","Will, Herman and Collier","(378) 764-4887 x43130","https://cdn.jsdelivr.net/gh/faker-js/assets-person-portrait/female/256/77.jpg","horst junkie"
3,"Pauline Roob","Andrew67@hotmail.com",44,"Forward Branding Representative","Dickinson Group","907.681.3141 x33594","https://cdn.jsdelivr.net/gh/faker-js/assets-person-portrait/female/256/36.jpg","smoke advocate, singer 🦢"
4,"Sherri Stroman","Laurine_Upton56@gmail.com",45,"Lead Markets Manager","Jacobi - Zboncak","540-935-8318 x726","https://cdn.jsdelivr.net/gh/faker-js/assets-person-portrait/female/256/30.jpg","pinstripe lover  🦋"
5,"Caroline Collier V","Cristobal72@yahoo.com",30,"Global Mobility Liaison","Sawayn, Cremin and Schmitt","1-257-301-7991 x801","https://cdn.jsdelivr.net/gh/faker-js/assets-person-portrait/female/256/13.jpg","complication lover"
6,"Juanita Casper","Delfina_Keeling43@gmail.com",30,"Dynamic Infrastructure Strategist","Gerlach - Hahn","(688) 276-8983 x4302","https://cdn.jsdelivr.net/gh/faker-js/assets-person-portrait/female/256/4.jpg","saw fan, nerd 🤳"
7,"Ora Green","Marty.Doyle77@hotmail.com",31,"Forward Directives Representative","Sipes Group","271-894-4642","https://cdn.jsdelivr.net/gh/faker-js/assets-person-portrait/female/256/48.jpg","parent, leader, traveler 🥊"
8,"Vivian Wintheiser","Felipa_Little48@gmail.com",40,"Chief Directives Coordinator","Fadel, Glover and Keebler","409-351-0291 x8535","https://cdn.jsdelivr.net/gh/faker-js/assets-person-portrait/female/256/85.jpg","reorganisation advocate  ❤️‍🩹"
9,"Lola Hoeger","Marjolaine57@yahoo.com",26,"Product Functionality Analyst","Volkman Group","970.849.4622 x56787","https://cdn.jsdelivr.net/gh/faker-js/assets-person-portrait/female/256/58.jpg","mixture devotee  👩🏿‍🌾"
10,"Mrs. Betsy Frami","Rae.Schultz@gmail.com",21,"Dynamic Data Coordinator","Powlowski - Nolan","(596) 685-5977","https://cdn.jsdelivr.net/gh/faker-js/assets-person-portrait/female/256/12.jpg","trick advocate, coach"
11,"Mable Gerlach","Cassandra72@gmail.com",44,"Principal Usability Liaison","Koch Inc","(769) 307-0030 x62198","https://cdn.jsdelivr.net/gh/faker-js/assets-person-portrait/female/256/12.jpg","creator"
12,"Freda Torp","Mylene.Strosin7@yahoo.com",49,"Investor Usability Officer","Dickinson, Kihn and Becker","977-761-5893 x9438","https://cdn.jsdelivr.net/gh/faker-js/assets-person-portrait/female/256/51.jpg","designer, business owner, film lover"
13,"Lena Prohaska","Trycia44@hotmail.com",20,"Customer Accountability Specialist","Haag - Dicki","516-825-2888","https://cdn.jsdelivr.net/gh/faker-js/assets-person-portrait/female/256/26.jpg","interviewer supporter"
14,"Florence Jerde","Kaylee73@yahoo.com",21,"Future Communications Specialist","Prosacco, Dare and Reichert","1-764-653-2812 x230","https://cdn.jsdelivr.net/gh/faker-js/assets-person-portrait/female/256/69.jpg","stock junkie  🔢"
15,"Rosemarie Murazik","Kasey.Langworth-Berge@hotmail.com",43,"Principal Accounts Technician","Vandervort and Sons","(548) 659-3950 x11661","https://cdn.jsdelivr.net/gh/faker-js/assets-person-portrait/female/256/85.jpg","mixture lover"
16,"Miss Josephine Maggio","Blake_Mante29@yahoo.com",27,"Future Infrastructure Technician","Quigley, Reichert and Senger","570.834.7741","https://cdn.jsdelivr.net/gh/faker-js/assets-person-portrait/female/256/1.jpg","guacamole enthusiast, entrepreneur"
17,"Maxine Kutch","Hudson76@hotmail.com",36,"Central Paradigm Developer","Schmidt, Becker and Keeling","1-942-760-9997 x7969","https://cdn.jsdelivr.net/gh/faker-js/assets-person-portrait/female/256/36.jpg","coach, gamer, blogger 🖕"
18,"Dr. Peggy Spencer","Therese_Flatley-Becker@gmail.com",65,"Chief Functionality Planner","Hudson - Buckridge","1-990-339-3012","https://cdn.jsdelivr.net/gh/faker-js/assets-person-portrait/female/256/60.jpg","hose advocate"
19,"Vicky Graham","Mallie_Oberbrunner@gmail.com",57,"Product Marketing Designer","Krajcik, Kirlin and Hagenes","1-312-945-2890 x92033","https://cdn.jsdelivr.net/gh/faker-js/assets-person-portrait/female/256/98.jpg","artist, foodie"
20,"Pearl Mohr","Meaghan93@gmail.com",57,"Chief Metrics Consultant","Kling and Sons","933-399-2325","https://cdn.jsdelivr.net/gh/faker-js/assets-person-portrait/female/256/5.jpg","parent, model, singer"
21,"Margaret Hilll Sr.","Jennie.Zieme@gmail.com",42,"Human Integration Coordinator","Schmeler - Schimmel","259.397.6963","https://cdn.jsdelivr.net/gh/faker-js/assets-person-portrait/female/256/8.jpg","hierarchy fan, leader 🧋"
22,"Vivian Beahan","Cassandre.DAmore33@yahoo.com",24,"Senior Response Analyst","Bosco - Nienow","411.345.1398","https://cdn.jsdelivr.net/gh/faker-js/assets-person-portrait/female/256/16.jpg","tuba enthusiast, coach"
23,"Lillie Bernier IV","Nyah_Mante68@yahoo.com",44,"Corporate Optimization Engineer","Ernser, Kovacek and Hettinger","(738) 955-9462 x748","https://cdn.jsdelivr.net/gh/faker-js/assets-person-portrait/female/256/87.jpg","goat fan, film lover 🍋"
24,"Susan Dicki","Clifford.Bednar83@gmail.com",63,"District Optimization Planner","Barrows, Klocko and Mills","556-494-3243 x467","https://cdn.jsdelivr.net/gh/faker-js/assets-person-portrait/female/256/89.jpg","contractor enthusiast"
25,"Velma Oberbrunner PhD","Shawna.Hamill@gmail.com",43,"National Group Designer","Shields, Heidenreich and Collier","(573) 255-6200 x90551","https://cdn.jsdelivr.net/gh/faker-js/assets-person-portrait/female/256/5.jpg","giggle junkie"
26,"Holly Muller","Melody_Romaguera87@hotmail.com",31,"Lead Security Strategist","Wuckert, Wilderman and Johnston","727-435-0742 x62402","https://cdn.jsdelivr.net/gh/faker-js/assets-person-portrait/female/256/59.jpg","quart lover"
27,"Opal Nolan","Greta.Kertzmann@gmail.com",40,"Corporate Security Executive","Hegmann and Sons","593-925-1853 x037","https://cdn.jsdelivr.net/gh/faker-js/assets-person-portrait/female/256/60.jpg","engineer, educator"
28,"Rochelle Quigley","Alvena43@gmail.com",52,"Human Usability Officer","Mills - Lockman","975.466.5394","https://cdn.jsdelivr.net/gh/faker-js/assets-person-portrait/female/256/44.jpg","perfection junkie"
29,"Sandra Kutch","Jamil82@yahoo.com",41,"International Implementation Technician","Rohan Group","1-446-269-0849 x3251","https://cdn.jsdelivr.net/gh/faker-js/assets-person-portrait/female/256/47.jpg","overload junkie, film lover ☁️"
30,"Mrs. Bernice Robel","Jensen_Douglas29@gmail.com",27,"Senior Response Officer","Braun, Rowe and Anderson","351-988-1990","https://cdn.jsdelivr.net/gh/faker-js/assets-person-portrait/female/256/38.jpg","fold supporter, leader 🇵🇼"
31,"Joy Stiedemann","Aaliyah_Tillman@yahoo.com",19,"Future Program Facilitator","Altenwerth - Nitzsche","(535) 380-3119 x33690","https://cdn.jsdelivr.net/gh/faker-js/assets-person-portrait/female/256/36.jpg","singer, singer"
32,"Lucille Wolf","Lizeth.Tremblay90@yahoo.com",43,"Product Factors Developer","Jones - Bernhard","1-865-327-6427 x2103","https://cdn.jsdelivr.net/gh/faker-js/assets-person-portrait/female/256/88.jpg","suspension lover"
33,"Lola Legros","Chelsea_Beer60@gmail.com",55,"Regional Accounts Executive","Bartell and Sons","(465) 512-5693 x677","https://cdn.jsdelivr.net/gh/faker-js/assets-person-portrait/female/256/93.jpg","entrepreneur"
34,"Lindsay Tremblay","Sabrina54@hotmail.com",37,"Investor Division Associate","Runolfsdottir - Sauer","255-516-9705 x8813","https://cdn.jsdelivr.net/gh/faker-js/assets-person-portrait/female/256/94.jpg","friend, foodie"
35,"Mrs. Wendy Prohaska","Javon_Bednar65@yahoo.com",21,"Legacy Group Orchestrator","Kirlin - Thiel","(376) 445-9233 x896","https://cdn.jsdelivr.net/gh/faker-js/assets-person-portrait/female/256/76.jpg","premeditation fan, geek"
36,"Janie Glover","Ward78@gmail.com",50,"Direct Communications Officer","Veum - Abbott","(975) 782-1589 x797","https://cdn.jsdelivr.net/gh/faker-js/assets-person-portrait/female/256/57.jpg","challenge enthusiast  🛡️"
37,"Bessie Stehr","Scotty_Grimes15@yahoo.com",34,"Customer Accountability Specialist","Turner - O'Keefe","292.946.0861 x6926","https://cdn.jsdelivr.net/gh/faker-js/assets-person-portrait/female/256/62.jpg","musician, traveler, traveler 🦻🏽"
38,"Geneva Haag","Laverne_Wilkinson@hotmail.com",57,"Product Assurance Consultant","Lemke, Skiles and Torphy","234-598-6790 x903","https://cdn.jsdelivr.net/gh/faker-js/assets-person-portrait/female/256/91.jpg","business owner"
39,"Maria Runolfsson","Jeremie.Schmidt19@gmail.com",32,"Forward Solutions Strategist","Gorczany, Legros and Cartwright","(289) 610-8786 x0245","https://cdn.jsdelivr.net/gh/faker-js/assets-person-portrait/female/256/55.jpg","author, patriot, creator ❕"
40,"Audrey Konopelski","Allen75@yahoo.com",22,"Central Data Representative","Dickens, Fritsch and Brakus","1-620-654-2854 x7815","https://cdn.jsdelivr.net/gh/faker-js/assets-person-portrait/female/256/46.jpg","friend"
41,"Mrs. Lynne Dare","David76@hotmail.com",63,"Central Quality Supervisor","Schaden Group","384.504.9747 x448","https://cdn.jsdelivr.net/gh/faker-js/assets-person-portrait/female/256/0.jpg","cross-contamination devotee, photographer"
42,"Silvia Cartwright V","Ray.Cormier@hotmail.com",19,"Direct Identity Consultant","McCullough, Satterfield and Pollich","1-885-971-0479","https://cdn.jsdelivr.net/gh/faker-js/assets-person-portrait/female/256/93.jpg","swing advocate"
43,"Candace Kessler","Ramon_Kulas@gmail.com",61,"Central Accounts Representative","Cummings - Fritsch","267.972.9477","https://cdn.jsdelivr.net/gh/faker-js/assets-person-portrait/female/256/72.jpg","person"
44,"Tasha Zemlak","Rylee45@gmail.com",65,"Lead Identity Liaison","Hermiston - Herman","496-952-9228","https://cdn.jsdelivr.net/gh/faker-js/assets-person-portrait/female/256/13.jpg","disclosure devotee, blogger ↕️"
45,"Dolores Upton","Kaitlyn92@hotmail.com",61,"Principal Brand Producer","Torp, Pfeffer and Runte","867.245.6929 x195","https://cdn.jsdelivr.net/gh/faker-js/assets-person-portrait/female/256/79.jpg","grad"
46,"Dianna Renner","Oceane_Ledner@gmail.com",56,"Forward Mobility Designer","Hilpert and Sons","1-829-232-6112 x01694","https://cdn.jsdelivr.net/gh/faker-js/assets-person-portrait/female/256/65.jpg","asset devotee, filmmaker 🏏"
47,"Mae Emmerich","Emie_Goodwin68@gmail.com",21,"District Directives Liaison","Friesen and Sons","1-430-234-1340","https://cdn.jsdelivr.net/gh/faker-js/assets-person-portrait/female/256/83.jpg","institute supporter, inventor 💎"
48,"Dr. Shelley D'Amore","Viola.Deckow@hotmail.com",63,"Internal Integration Technician","Gislason Group","548-815-4779","https://cdn.jsdelivr.net/gh/faker-js/assets-person-portrait/female/256/9.jpg","director lover, veteran 🪧"
49,"Debra Wunsch","Imani_Boehm@gmail.com",60,"Product Branding Engineer","Lowe, Bailey and Shanahan","887-482-2526 x128","https://cdn.jsdelivr.net/gh/faker-js/assets-person-portrait/female/256/36.jpg","person, scientist, musician"
50,"Ms. Melinda Robel I","Erling_Gutkowski68@hotmail.com",44,"Future Program Assistant","Ledner - Kiehn","(449) 622-1078","https://cdn.jsdelivr.net/gh/faker-js/assets-person-portrait/female/256/13.jpg","midwife fan"
51,"Diana Skiles","Abbie.Kunze5@hotmail.com",65,"Forward Configuration Orchestrator","Watsica, Beatty and Anderson","325.874.6213 x38022","https://cdn.jsdelivr.net/gh/faker-js/assets-person-portrait/female/256/20.jpg","mythology fan  🇮🇲"
52,"Kelli Koch DVM","Cassidy_Rolfson50@gmail.com",54,"Direct Configuration Planner","Zieme, Veum and Murray","563-495-6920 x49993","https://cdn.jsdelivr.net/gh/faker-js/assets-person-portrait/female/256/15.jpg","castanet junkie, foodie"
53,"Madeline Jerde","Queenie.Barton47@yahoo.com",54,"Senior Operations Orchestrator","Botsford, Littel and Runolfsdottir","1-455-308-5169","https://cdn.jsdelivr.net/gh/faker-js/assets-person-portrait/female/256/63.jpg","galoshes fan, writer"
54,"Ella Ruecker","Zola.McLaughlin75@yahoo.com",35,"National Web Planner","Yundt LLC","(671) 328-9022 x96734","https://cdn.jsdelivr.net/gh/faker-js/assets-person-portrait/female/256/45.jpg","promise enthusiast, founder 🦸"
55,"Carrie Gutmann","Jennifer_Osinski@yahoo.com",62,"Forward Functionality Assistant","Batz - Willms","(887) 291-2007","https://cdn.jsdelivr.net/gh/faker-js/assets-person-portrait/female/256/54.jpg","bracelet advocate"
56,"Amy Hane","Alayna.Kris@gmail.com",53,"Direct Communications Engineer","Bashirian - Kuphal","(879) 297-9006 x45301","https://cdn.jsdelivr.net/gh/faker-js/assets-person-portrait/female/256/97.jpg","lyre devotee  🈶"
57,"Georgia Nicolas","Iva18@hotmail.com",58,"Legacy Metrics Engineer","Hintz - Emard","223.366.1385 x41683","https://cdn.jsdelivr.net/gh/faker-js/assets-person-portrait/female/256/60.jpg","model"
58,"Christie Kulas","Chaya_Stark69@gmail.com",30,"Corporate Quality Developer","Rau - Welch","(307) 759-2633 x0078","https://cdn.jsdelivr.net/gh/faker-js/assets-person-portrait/female/256/81.jpg","deck devotee  Ⓜ️"
59,"Silvia Stroman","Helga.Kulas50@yahoo.com",20,"Customer Marketing Orchestrator","Maggio Inc","1-318-836-0096 x6974","https://cdn.jsdelivr.net/gh/faker-js/assets-person-portrait/female/256/43.jpg","safe lover, model 🥉"
60,"Loretta Lemke","Vladimir.Streich9@hotmail.com",50,"Human Interactions Agent","Hackett - Schmeler","781.319.1406 x632","https://cdn.jsdelivr.net/gh/faker-js/assets-person-portrait/female/256/28.jpg","environmentalist, inventor"
61,"Jackie Hansen DDS","Emely_Flatley@yahoo.com",32,"Lead Paradigm Facilitator","O'Conner - Hammes","1-647-765-7486 x3808","https://cdn.jsdelivr.net/gh/faker-js/assets-person-portrait/female/256/83.jpg","writer, coach"
62,"Luz Roberts II","Terrill_Kirlin@gmail.com",36,"Forward Applications Executive","Jenkins - Bartoletti","1-910-986-3967 x34897","https://cdn.jsdelivr.net/gh/faker-js/assets-person-portrait/female/256/77.jpg","public speaker, film lover, photographer"
63,"Tonya Gerlach","Amiya_Grant@gmail.com",54,"Principal Implementation Administrator","Lebsack, Simonis and Cummings","(606) 923-8141","https://cdn.jsdelivr.net/gh/faker-js/assets-person-portrait/female/256/45.jpg","other enthusiast"
64,"Kay Corwin","Fabiola_Abshire47@yahoo.com",45,"Dynamic Data Consultant","Fisher LLC","(510) 947-7496 x0740","https://cdn.jsdelivr.net/gh/faker-js/assets-person-portrait/female/256/43.jpg","business owner"
65,"Veronica Torphy","Linwood8@yahoo.com",41,"Future Markets Technician","Spinka - Boehm","450-991-8616","https://cdn.jsdelivr.net/gh/faker-js/assets-person-portrait/female/256/93.jpg","engineer, teacher, author"
66,"Mrs. Vanessa Heaney PhD","Henriette.Kerluke62@gmail.com",40,"Senior Security Developer","Shanahan - Schulist","(458) 327-5685","https://cdn.jsdelivr.net/gh/faker-js/assets-person-portrait/female/256/83.jpg","exploration advocate, nerd 👿"
67,"Meghan Mante","Bailee.Gorczany@gmail.com",61,"Human Program Developer","Mayer - Langworth","882.491.6996","https://cdn.jsdelivr.net/gh/faker-js/assets-person-portrait/female/256/79.jpg","environmentalist, person, foodie 🤚🏾"
68,"Melba Kub","Elyse_Harris35@hotmail.com",43,"Human Applications Representative","Leannon, Howell and Mertz","(297) 696-8344 x4734","https://cdn.jsdelivr.net/gh/faker-js/assets-person-portrait/female/256/25.jpg","scientist"
69,"Miss Jessica Abshire PhD","Elliott.Gutmann@yahoo.com",54,"Principal Directives Engineer","Schmitt - Ondricka","734-338-0513 x45782","https://cdn.jsdelivr.net/gh/faker-js/assets-person-portrait/female/256/96.jpg","willow supporter  🔟"
70,"Joan Marks","Jonas_Beahan@gmail.com",44,"Lead Optimization Officer","McKenzie, Simonis and Kunde","(603) 463-7377 x001","https://cdn.jsdelivr.net/gh/faker-js/assets-person-portrait/female/256/45.jpg","diagram lover, engineer 🖼️"
71,"Blanca Grant","Terrill.Luettgen74@gmail.com",60,"Lead Division Officer","Jast and Sons","(521) 250-5786 x228","https://cdn.jsdelivr.net/gh/faker-js/assets-person-portrait/female/256/45.jpg","spear devotee"
72,"Jasmine Kuphal","Dayne.Jakubowski@yahoo.com",41,"Lead Mobility Designer","Beahan LLC","902.753.4200 x087","https://cdn.jsdelivr.net/gh/faker-js/assets-person-portrait/female/256/21.jpg","trash lover"
73,"Katrina Nolan","Manuel63@yahoo.com",36,"Senior Assurance Representative","Funk - Aufderhar","1-553-608-0100 x98870","https://cdn.jsdelivr.net/gh/faker-js/assets-person-portrait/female/256/61.jpg","earth junkie  🚞"
74,"Crystal Kiehn","Clementine_Miller@hotmail.com",23,"District Functionality Administrator","Kuhic - Spinka","764.652.6650 x85491","https://cdn.jsdelivr.net/gh/faker-js/assets-person-portrait/female/256/33.jpg","activist, scientist, activist"
75,"Maxine Schmidt IV","Luther.Kshlerin@yahoo.com",40,"International Infrastructure Director","Lindgren and Sons","1-388-651-7974 x69698","https://cdn.jsdelivr.net/gh/faker-js/assets-person-portrait/female/256/20.jpg","newsletter enthusiast, founder"
76,"Hope Mante","Lou.Stehr94@gmail.com",43,"Lead Marketing Director","Feeney Inc","915-806-8925 x4551","https://cdn.jsdelivr.net/gh/faker-js/assets-person-portrait/female/256/59.jpg","author, activist"
77,"Paula Vandervort","Derrick.Hudson@hotmail.com",51,"Dynamic Research Manager","Kunze - Rice","659.618.3866 x0980","https://cdn.jsdelivr.net/gh/faker-js/assets-person-portrait/female/256/14.jpg","traditionalism supporter, nerd"
78,"Marilyn Lemke","Idell.Ortiz17@gmail.com",40,"Future Quality Strategist","Bechtelar, Huels and Rath","1-387-531-0415","https://cdn.jsdelivr.net/gh/faker-js/assets-person-portrait/female/256/68.jpg","tinderbox advocate"
79,"Carolyn Pagac","Keaton.Oberbrunner-Medhurst92@yahoo.com",54,"Central Accountability Executive","Roberts - Simonis","760-816-8014 x3855","https://cdn.jsdelivr.net/gh/faker-js/assets-person-portrait/female/256/35.jpg","developer"
80,"Jean Harris","Katheryn_Nitzsche35@yahoo.com",26,"Internal Intranet Developer","Kirlin, D'Amore and Mayert","670-756-3818 x0473","https://cdn.jsdelivr.net/gh/faker-js/assets-person-portrait/female/256/14.jpg","overheard advocate"
81,"Tiffany Witting","Everardo.Zieme@gmail.com",47,"Regional Security Orchestrator","Hammes LLC","771.864.6178 x671","https://cdn.jsdelivr.net/gh/faker-js/assets-person-portrait/female/256/69.jpg","puritan lover, writer"
82,"Marsha Nicolas","Jeremie49@hotmail.com",57,"Direct Marketing Orchestrator","Legros LLC","(813) 475-9634 x27620","https://cdn.jsdelivr.net/gh/faker-js/assets-person-portrait/female/256/89.jpg","valentine supporter"
83,"Sylvia Christiansen PhD","Sibyl_Okuneva@gmail.com",49,"Dynamic Program Orchestrator","Treutel, Romaguera and Spencer","(616) 979-1966","https://cdn.jsdelivr.net/gh/faker-js/assets-person-portrait/female/256/66.jpg","filmmaker"
84,"Sue Senger","Patience62@hotmail.com",34,"Legacy Assurance Liaison","Schiller Group","628-452-4317","https://cdn.jsdelivr.net/gh/faker-js/assets-person-portrait/female/256/93.jpg","traveler"
85,"Priscilla Streich","Adaline_Marvin93@hotmail.com",23,"Regional Usability Assistant","Franecki, Keebler and Mraz","(774) 593-8405 x105","https://cdn.jsdelivr.net/gh/faker-js/assets-person-portrait/female/256/64.jpg","foodie, coach, foodie 🪙"
86,"Mattie Zulauf","Brandyn68@yahoo.com",46,"Forward Functionality Analyst","Turcotte, Ferry and Bartell","647-734-1469 x4445","https://cdn.jsdelivr.net/gh/faker-js/assets-person-portrait/female/256/49.jpg","philosopher, traveler, leader"
87,"Ms. Bernadette Schulist","Percival_Weissnat63@yahoo.com",25,"Lead Group Engineer","Gusikowski, Fadel and Senger","(758) 621-9297","https://cdn.jsdelivr.net/gh/faker-js/assets-person-portrait/female/256/81.jpg","request enthusiast"
88,"Eleanor Heaney-Kunze","Norris57@yahoo.com",29,"National Usability Developer","Reilly - Daugherty","338.834.5521 x869","https://cdn.jsdelivr.net/gh/faker-js/assets-person-portrait/female/256/93.jpg","activist"
89,"Tami Weber II","Ryley.Muller@hotmail.com",45,"Customer Communications Assistant","Breitenberg Inc","1-765-430-9548","https://cdn.jsdelivr.net/gh/faker-js/assets-person-portrait/female/256/10.jpg","hoof supporter"
90,"Candice Rice Sr.","Ethel_Moore22@yahoo.com",56,"Dynamic Applications Producer","Kozey Group","(551) 572-0093 x55010","https://cdn.jsdelivr.net/gh/faker-js/assets-person-portrait/female/256/28.jpg","validity fan"
91,"Ella Hoppe","Alanna84@yahoo.com",30,"Chief Integration Orchestrator","MacGyver, Murphy and Spinka","822.967.9043 x6391","https://cdn.jsdelivr.net/gh/faker-js/assets-person-portrait/female/256/52.jpg","brush fan, traveler 👩‍💼"
92,"Krista Blanda","Kathlyn.Sipes85@gmail.com",32,"Chief Paradigm Facilitator","Wilkinson and Sons","1-300-426-4229 x29573","https://cdn.jsdelivr.net/gh/faker-js/assets-person-portrait/female/256/38.jpg","pocket-watch lover, traveler"
93,"Brenda Jenkins","Louvenia_Bogan@gmail.com",36,"National Communications Producer","Kiehn - Rodriguez","(675) 446-9853","https://cdn.jsdelivr.net/gh/faker-js/assets-person-portrait/female/256/73.jpg","friend, gamer, model"
94,"Marcella Wintheiser","Lisa20@hotmail.com",24,"Legacy Applications Strategist","Carter, Mayer and Graham","304.573.9988","https://cdn.jsdelivr.net/gh/faker-js/assets-person-portrait/female/256/26.jpg","shark junkie"
95,"Luz Hagenes","Bettie_Hamill@gmail.com",56,"Central Marketing Architect","Gulgowski - Rempel","(444) 955-1092 x161","https://cdn.jsdelivr.net/gh/faker-js/assets-person-portrait/female/256/16.jpg","designer, singer, coach"
96,"Priscilla Streich","Adaline_Marvin93@hotmail.com",23,"Regional Usability Assistant","Franecki, Keebler and Mraz","(774) 593-8405 x105","https://cdn.jsdelivr.net/gh/faker-js/assets-person-portrait/female/256/64.jpg","foodie, coach, foodie 🪙"
97,"Samantha Lindgren-Hoeger","Violette_Roob6@hotmail.com",37,"Direct Tactics Liaison","Bogisich - Franey","1-490-249-6352 x79598","https://cdn.jsdelivr.net/gh/faker-js/assets-person-portrait/female/256/25.jpg","patriot"
98,"Henrietta Harvey","Antonetta11@gmail.com",57,"Investor Identity Liaison","Hilpert, Feil and Reilly","(844) 205-7271","https://cdn.jsdelivr.net/gh/faker-js/assets-person-portrait/female/256/22.jpg","hexagon enthusiast, engineer 🇸🇽"
99,"Beverly Olson","Constantin52@gmail.com",51,"National Accountability Representative","Armstrong - Schuppe","(453) 563-3510 x96548","https://cdn.jsdelivr.net/gh/faker-js/assets-person-portrait/female/256/15.jpg","impact devotee  ♎"
100,"Elena Yost","Veda19@yahoo.com",37,"Corporate Program Coordinator","Kuvalis, Dibbert and McCullough","1-454-998-7571 x07791","https://cdn.jsdelivr.net/gh/faker-js/assets-person-portrait/female/256/51.jpg","film lover"